to;from
hf_1;rhf_1
hf_2;rhf_1
hf_3;rhf_1
hf_4;rhf_1
hf_5;rhf_2
hf_6;rhf_2
hf_7;rhf_2
hf_9;rhf_3
hf_10;rhf_3
hf_11;rhf_3
hf_12;rhf_3
hf_13;rhf_3
hf_14;rhf_4
hf_15;rhf_4
hf_16;rhf_4
hf_17;rhf_4
hf_18;rhf_4
hf_19;rhf_4
hf_20;rhf_4
hf_21;rhf_4
hf_22;rhf_4
hf_23;rhf_4
hf_24;rhf_4
hf_25;rhf_4
hf_26;rhf_4
hf_27;rhf_5
sh_10;hf_1
sh_11;hf_1
sh_12;hf_1
sh_20;hf_2
sh_21;hf_2
sh_22;hf_2
sh_23;hf_2
sh_30;hf_3
sh_31;hf_3
sh_32;hf_3
sh_33;hf_3
sh_40;hf_4
sh_41;hf_4
sh_42;hf_4
sh_43;hf_4
sh_50;hf_5
sh_51;hf_5
sh_52;hf_5
sh_60;hf_6
sh_61;hf_6
sh_62;hf_6
sh_63;hf_6
sh_64;hf_6
sh_65;hf_6
sh_70;hf_7
sh_71;hf_7
sh_72;hf_7
sh_73;hf_7
sh_74;hf_7
sh_75;hf_7
sh_76;hf_7
sh_77;hf_7
sh_90;hf_9
sh_91;hf_9
sh_92;hf_9
sh_93;hf_9
sh_94;hf_9
sh_100;hf_10
sh_101;hf_10
sh_102;hf_10
sh_103;hf_10
sh_104;hf_10
sh_110;hf_11
sh_111;hf_11
sh_112;hf_11
sh_113;hf_11
sh_114;hf_11
sh_120;hf_12
sh_121;hf_12
sh_122;hf_12
sh_130;hf_13
sh_131;hf_13
sh_132;hf_13
sh_140;hf_14
sh_141;hf_14
sh_142;hf_14
sh_143;hf_14
sh_144;hf_14
sh_150;hf_15
sh_151;hf_15
sh_152;hf_15
sh_153;hf_15
sh_154;hf_15
sh_155;hf_15
sh_159;hf_15
sh_160;hf_16
sh_170;hf_17
sh_171;hf_17
sh_172;hf_17
sh_173;hf_17
sh_174;hf_17
sh_175;hf_17
sh_176;hf_17
sh_177;hf_17
sh_178;hf_17
sh_179;hf_17
sh_180;hf_18
sh_181;hf_18
sh_182;hf_18
sh_183;hf_18
sh_184;hf_18
sh_185;hf_18
sh_186;hf_18
sh_187;hf_18
sh_188;hf_18
sh_189;hf_18
sh_190;hf_19
sh_191;hf_19
sh_192;hf_19
sh_200;hf_20
sh_201;hf_20
sh_202;hf_20
sh_203;hf_20
sh_210;hf_21
sh_211;hf_21
sh_212;hf_21
sh_213;hf_21
sh_214;hf_21
sh_220;hf_22
sh_221;hf_22
sh_222;hf_22
sh_223;hf_22
sh_224;hf_22
sh_230;hf_23
sh_240;hf_24
sh_250;hf_25
sh_251;hf_25
sh_252;hf_25
sh_253;hf_25
sh_254;hf_25
sh_260;hf_26
sh_300;hf_27